Date,Australian Dollar,U.S. Dollar,New Zealand Dollar,Euro
2011-01-03,1.0099,1.0,0.7665,1.3348
2011-01-04,1.0099,1.0,0.7665,1.3421
2011-01-05,1.0014,1.0,0.7665,1.3213
2011-01-06,0.9967,1.0,0.758,1.3091
2011-01-07,0.9933,1.0,0.7569,1.2961
2011-01-08,0.9933,1.0,0.7569,1.2961
2011-01-09,0.9933,1.0,0.7569,1.2961
2011-01-10,0.9958,1.0,0.7586,1.2903
2011-01-11,0.9846,1.0,0.7639,1.2948
2011-01-12,0.9848,1.0,0.7601,1.2973
2011-01-13,0.9947,1.0,0.7634,1.3199
2011-01-14,0.9964,1.0,0.7725,1.3349
2011-01-15,0.9964,1.0,0.7725,1.3349
2011-01-16,0.9964,1.0,0.7725,1.3349
2011-01-17,0.9964,1.0,0.7725,1.3349
2011-01-18,0.9939,1.0,0.7724,1.3371
2011-01-19,1.0033,1.0,0.7708,1.3506
2011-01-20,0.9966,1.0,0.7677,1.3472
2011-01-21,0.9861,1.0,0.7569,1.3521
2011-01-22,0.9861,1.0,0.7569,1.3521
2011-01-23,0.9861,1.0,0.7569,1.3521
2011-01-24,0.9881,1.0,0.7569,1.3571
2011-01-25,0.9959,1.0,0.7632,1.3596
2011-01-26,0.9959,1.0,0.7688,1.3681
2011-01-27,0.9964,1.0,0.7724,1.3716
2011-01-28,0.9894,1.0,0.7722,1.371
2011-01-29,0.9894,1.0,0.7722,1.371
2011-01-30,0.9894,1.0,0.7722,1.371
2011-01-31,0.9924,1.0,0.7703,1.3692
2011-02-01,1.0037,1.0,0.7724,1.3755
2011-02-02,1.0125,1.0,0.7808,1.3803
2011-02-03,1.0105,1.0,0.7726,1.3745
2011-02-04,1.0186,1.0,0.7727,1.3631
2011-02-05,1.0186,1.0,0.7727,1.3631
2011-02-06,1.0186,1.0,0.7727,1.3631
2011-02-07,1.0135,1.0,0.7727,1.3553
2011-02-08,1.0146,1.0,0.7702,1.3635
2011-02-09,1.0133,1.0,0.7753,1.3647
2011-02-10,1.0074,1.0,0.7721,1.3604
2011-02-11,0.9991,1.0,0.7634,1.3524
2011-02-12,0.9991,1.0,0.7634,1.3524
2011-02-13,0.9991,1.0,0.7634,1.3524
2011-02-14,1.004,1.0,0.7565,1.344
2011-02-15,1.0043,1.0,0.7569,1.351
2011-02-16,0.9998,1.0,0.752,1.351
2011-02-17,1.0035,1.0,0.7546,1.356
2011-02-18,1.0126,1.0,0.7588,1.3627
2011-02-19,1.0126,1.0,0.7588,1.3627
2011-02-20,1.0126,1.0,0.7588,1.3627
2011-02-21,1.0126,1.0,0.7588,1.3627
2011-02-22,1.0037,1.0,0.7632,1.3667
2011-02-23,1.0019,1.0,0.7465,1.3731
2011-02-24,1.0075,1.0,0.7457,1.3773
2011-02-25,1.0134,1.0,0.7476,1.3762
2011-02-26,1.0134,1.0,0.7476,1.3762
2011-02-27,1.0134,1.0,0.7476,1.3762
2011-02-28,1.0163,1.0,0.7519,1.3834
2011-03-01,1.0156,1.0,0.7533,1.3825
2011-03-02,1.0092,1.0,0.7466,1.3809
2011-03-03,1.0153,1.0,0.7434,1.385
2011-03-04,1.0139,1.0,0.7403,1.3957
2011-03-05,1.0139,1.0,0.7403,1.3957
2011-03-06,1.0139,1.0,0.7403,1.3957
2011-03-07,1.0127,1.0,0.737,1.4028
2011-03-08,1.0123,1.0,0.7374,1.3898
2011-03-09,1.0068,1.0,0.7397,1.3928
2011-03-10,1.005,1.0,0.7363,1.3817
2011-03-11,1.0032,1.0,0.7351,1.3773
2011-03-12,1.0032,1.0,0.7351,1.3773
2011-03-13,1.0032,1.0,0.7351,1.3773
2011-03-14,1.0076,1.0,0.7409,1.3948
2011-03-15,0.9964,1.0,0.7395,1.3884
2011-03-16,0.991,1.0,0.7309,1.3951
2011-03-17,0.9794,1.0,0.7174,1.4004
2011-03-18,0.9936,1.0,0.7195,1.413
2011-03-19,0.9936,1.0,0.7195,1.413
2011-03-20,0.9936,1.0,0.7195,1.413
2011-03-21,1.0018,1.0,0.7298,1.4194
2011-03-22,1.0018,1.0,0.7353,1.4211
2011-03-23,1.0101,1.0,0.7406,1.4136
2011-03-24,1.0129,1.0,0.7427,1.4128
2011-03-25,1.0207,1.0,0.7498,1.4115
2011-03-26,1.0207,1.0,0.7498,1.4115
2011-03-27,1.0207,1.0,0.7498,1.4115
2011-03-28,1.026,1.0,0.7518,1.4032
2011-03-29,1.0256,1.0,0.7509,1.4066
2011-03-30,1.0325,1.0,0.7569,1.409
2011-03-31,1.0334,1.0,0.7627,1.4207
2011-04-01,1.0345,1.0,0.7609,1.4141
2011-04-02,1.0345,1.0,0.7609,1.4141
2011-04-03,1.0345,1.0,0.7609,1.4141
2011-04-04,1.0385,1.0,0.7685,1.424
2011-04-05,1.0328,1.0,0.7678,1.4166
2011-04-06,1.0356,1.0,0.7675,1.43
2011-04-07,1.0465,1.0,0.7775,1.4283
2011-04-08,1.0522,1.0,0.7777,1.4401
2011-04-09,1.0522,1.0,0.7777,1.4401
2011-04-10,1.0522,1.0,0.7777,1.4401
2011-04-11,1.0564,1.0,0.782,1.4434
2011-04-12,1.0438,1.0,0.7822,1.447
2011-04-13,1.0478,1.0,0.7848,1.4493
2011-04-14,1.0534,1.0,0.7876,1.4401
2011-04-15,1.0524,1.0,0.7938,1.445
2011-04-16,1.0524,1.0,0.7938,1.445
2011-04-17,1.0524,1.0,0.7938,1.445
2011-04-18,1.0563,1.0,0.7957,1.4275
2011-04-19,1.0463,1.0,0.7866,1.4302
2011-04-20,1.0583,1.0,0.7898,1.4515
2011-04-21,1.0769,1.0,0.7959,1.4584
2011-04-22,1.0769,1.0,0.7959,1.4584
2011-04-23,1.0769,1.0,0.7959,1.4584
2011-04-24,1.0769,1.0,0.7959,1.4584
2011-04-25,1.0769,1.0,0.7959,1.4584
2011-04-26,1.0769,1.0,0.7999,1.4617
2011-04-27,1.0835,1.0,0.8073,1.4668
2011-04-28,1.0925,1.0,0.8027,1.4794
2011-04-29,1.09,1.0,0.804,1.486
2011-04-30,1.09,1.0,0.804,1.486
2011-05-01,1.09,1.0,0.804,1.486
2011-05-02,1.0939,1.0,0.80705,1.4837
2011-05-03,1.0919,1.0,0.8067,1.478
2011-05-04,1.0829,1.0,0.7989,1.4882
2011-05-05,1.0741,1.0,0.7926,1.4814
2011-05-06,1.0698,1.0,0.7882,1.4501
2011-05-07,1.0698,1.0,0.7882,1.4501
2011-05-08,1.0698,1.0,0.7882,1.4501
2011-05-09,1.0767,1.0,0.7893,1.4397
2011-05-10,1.0749,1.0,0.7922,1.4358
2011-05-11,1.0866,1.0,0.7954,1.4357
2011-05-12,1.0617,1.0,0.7902,1.4153
2011-05-13,1.067,1.0,0.7945,1.428
2011-05-14,1.067,1.0,0.7945,1.428
2011-05-15,1.067,1.0,0.7945,1.428
2011-05-16,1.0554,1.0,0.7856,1.4143
2011-05-17,1.0606,1.0,0.7799,1.4171
2011-05-18,1.0631,1.0,0.7856,1.4227
2011-05-19,1.0641,1.0,0.7896,1.4265
2011-05-20,1.0665,1.0,0.7914,1.4237
2011-05-21,1.0665,1.0,0.7914,1.4237
2011-05-22,1.0665,1.0,0.7914,1.4237
2011-05-23,1.0557,1.0,0.7935,1.402
2011-05-24,1.0547,1.0,0.7894,1.4089
2011-05-25,1.0462,1.0,0.7976,1.4069
2011-05-26,1.0611,1.0,0.7978,1.4168
2011-05-27,1.0684,1.0,0.8094,1.4265
2011-05-28,1.0684,1.0,0.8094,1.4265
2011-05-29,1.0684,1.0,0.8094,1.4265
2011-05-30,1.0684,1.0,0.8094,1.4265
2011-05-31,1.0709,1.0,0.8187,1.4385
2011-06-01,1.0748,1.0,0.8249,1.4408
2011-06-02,1.0621,1.0,0.8157,1.446
2011-06-03,1.0666,1.0,0.8155,1.4488
2011-06-04,1.0666,1.0,0.8155,1.4488
2011-06-05,1.0666,1.0,0.8155,1.4488
2011-06-06,1.0741,1.0,0.8155,1.4596
2011-06-07,1.0681,1.0,0.8146,1.4652
2011-06-08,1.0671,1.0,0.821,1.4608
2011-06-09,1.0581,1.0,0.8226,1.4614
2011-06-10,1.0598,1.0,0.8255,1.4486
2011-06-11,1.0598,1.0,0.8255,1.4486
2011-06-12,1.0598,1.0,0.8255,1.4486
2011-06-13,1.0598,1.0,0.8209,1.4354
2011-06-14,1.0636,1.0,0.8166,1.4448
2011-06-15,1.0707,1.0,0.8183,1.4292
2011-06-16,1.0527,1.0,0.8063,1.4088
2011-06-17,1.0522,1.0,0.8055,1.427
2011-06-18,1.0522,1.0,0.8055,1.427
2011-06-19,1.0522,1.0,0.8055,1.427
2011-06-20,1.0543,1.0,0.8106,1.4235
2011-06-21,1.0562,1.0,0.8102,1.4373
2011-06-22,1.0593,1.0,0.8117,1.4397
2011-06-23,1.055,1.0,0.8148,1.4212
2011-06-24,1.054,1.0,0.815,1.422
2011-06-25,1.054,1.0,0.815,1.422
2011-06-26,1.054,1.0,0.815,1.422
2011-06-27,1.0425,1.0,0.8028,1.4205
2011-06-28,1.0445,1.0,0.8053,1.4261
2011-06-29,1.0564,1.0,0.8108,1.4425
2011-06-30,1.0739,1.0,0.8275,1.4453
2011-07-01,1.0715,1.0,0.8278,1.4488
2011-07-02,1.0715,1.0,0.8278,1.4488
2011-07-03,1.0715,1.0,0.8278,1.4488
2011-07-04,1.0715,1.0,0.8278,1.4488
2011-07-05,1.0675,1.0,0.8278,1.4461
2011-07-06,1.073,1.0,0.8265,1.4318
2011-07-07,1.0731,1.0,0.8271,1.4247
2011-07-08,1.0773,1.0,0.8318,1.4242
2011-07-09,1.0773,1.0,0.8318,1.4242
2011-07-10,1.0773,1.0,0.8318,1.4242
2011-07-11,1.0719,1.0,0.8348,1.4056
2011-07-12,1.0606,1.0,0.8262,1.3975
2011-07-13,1.0643,1.0,0.8187,1.4073
2011-07-14,1.0729,1.0,0.8485,1.4202
2011-07-15,1.0703,1.0,0.842,1.4146
2011-07-16,1.0703,1.0,0.842,1.4146
2011-07-17,1.0703,1.0,0.842,1.4146
2011-07-18,1.0603,1.0,0.848,1.4045
2011-07-19,1.0615,1.0,0.8447,1.416
2011-07-20,1.0714,1.0,0.8562,1.4207
2011-07-21,1.0737,1.0,0.8583,1.4222
2011-07-22,1.0849,1.0,0.8622,1.4391
2011-07-23,1.0849,1.0,0.8622,1.4391
2011-07-24,1.0849,1.0,0.8622,1.4391
2011-07-25,1.0823,1.0,0.8646,1.438
2011-07-26,1.0924,1.0,0.8628,1.4471
2011-07-27,1.1052,1.0,0.8722,1.4446
2011-07-28,1.1055,1.0,0.8721,1.426
2011-07-29,1.0954,1.0,0.8702,1.426
2011-07-30,1.0954,1.0,0.8702,1.426
2011-07-31,1.0954,1.0,0.8702,1.426
2011-08-01,1.0954,1.0,0.8822,1.4415
2011-08-02,1.0924,1.0,0.876,1.417
2011-08-03,1.0745,1.0,0.8623,1.43
2011-08-04,1.0657,1.0,0.8656,1.4229
2011-08-05,1.0476,1.0,0.8286,1.4155
2011-08-06,1.0476,1.0,0.8286,1.4155
2011-08-07,1.0476,1.0,0.8286,1.4155
2011-08-08,1.0308,1.0,0.8383,1.4225
2011-08-09,1.0176,1.0,0.8179,1.4267
2011-08-10,1.0345,1.0,0.8379,1.4367
2011-08-11,1.027,1.0,0.8104,1.4143
2011-08-12,1.029,1.0,0.8288,1.425
2011-08-13,1.029,1.0,0.8288,1.425
2011-08-14,1.029,1.0,0.8288,1.425
2011-08-15,1.0429,1.0,0.8343,1.4309
2011-08-16,1.0467,1.0,0.8334,1.436
2011-08-17,1.049,1.0,0.8342,1.4477
2011-08-18,1.0505,1.0,0.8366,1.4369
2011-08-19,1.0338,1.0,0.822,1.4385
2011-08-20,1.0338,1.0,0.822,1.4385
2011-08-21,1.0338,1.0,0.822,1.4385
2011-08-22,1.0393,1.0,0.8194,1.4413
2011-08-23,1.0461,1.0,0.8226,1.4462
2011-08-24,1.0481,1.0,0.8334,1.4433
2011-08-25,1.0437,1.0,0.8292,1.4424
2011-08-26,1.0488,1.0,0.8289,1.4402
2011-08-27,1.0488,1.0,0.8289,1.4402
2011-08-28,1.0488,1.0,0.8289,1.4402
2011-08-29,1.0623,1.0,0.8402,1.4487
2011-08-30,1.0675,1.0,0.8485,1.4402
2011-08-31,1.0691,1.0,0.8526,1.445
2011-09-01,1.0703,1.0,0.8526,1.4285
2011-09-02,1.0702,1.0,0.8519,1.4255
2011-09-03,1.0702,1.0,0.8519,1.4255
2011-09-04,1.0702,1.0,0.8519,1.4255
2011-09-05,1.0702,1.0,0.8519,1.4255
2011-09-06,1.0509,1.0,0.828,1.4099
2011-09-07,1.0596,1.0,0.8255,1.4036
2011-09-08,1.0596,1.0,0.8337,1.4044
2011-09-09,1.0614,1.0,0.8357,1.3817
2011-09-10,1.0614,1.0,0.8357,1.3817
2011-09-11,1.0614,1.0,0.8357,1.3817
2011-09-12,1.0339,1.0,0.8202,1.3656
2011-09-13,1.0343,1.0,0.8244,1.3645
2011-09-14,1.0215,1.0,0.8231,1.3729
2011-09-15,1.0215,1.0,0.819,1.3795
2011-09-16,1.0345,1.0,0.8229,1.376
2011-09-17,1.0345,1.0,0.8229,1.376
2011-09-18,1.0345,1.0,0.8229,1.376
2011-09-19,1.0223,1.0,0.8259,1.3641
2011-09-20,1.0191,1.0,0.8187,1.371
2011-09-21,1.0278,1.0,0.8213,1.3636
2011-09-22,1.0027,1.0,0.7996,1.3448
2011-09-23,0.976,1.0,0.7834,1.343
2011-09-24,0.976,1.0,0.7834,1.343
2011-09-25,0.976,1.0,0.7834,1.343
2011-09-26,0.9672,1.0,0.7729,1.35
2011-09-27,0.9889,1.0,0.7797,1.3579
2011-09-28,0.9853,1.0,0.7888,1.3631
2011-09-29,0.9808,1.0,0.7744,1.3615
2011-09-30,0.9781,1.0,0.7697,1.3503
2011-10-01,0.9781,1.0,0.7697,1.3503
2011-10-02,0.9781,1.0,0.7697,1.3503
2011-10-03,0.9781,1.0,0.7627,1.3327
2011-10-04,0.95,1.0,0.7534,1.3181
2011-10-05,0.9544,1.0,0.7599,1.3337
2011-10-06,0.9641,1.0,0.767,1.3269
2011-10-07,0.9782,1.0,0.769,1.3434
2011-10-08,0.9782,1.0,0.769,1.3434
2011-10-09,0.9782,1.0,0.769,1.3434
2011-10-10,0.9782,1.0,0.769,1.3434
2011-10-11,0.9972,1.0,0.7839,1.3607
2011-10-12,0.9915,1.0,0.7804,1.3766
2011-10-13,1.0199,1.0,0.7946,1.3727
2011-10-14,1.0192,1.0,0.7945,1.3807
2011-10-15,1.0192,1.0,0.7945,1.3807
2011-10-16,1.0192,1.0,0.7945,1.3807
2011-10-17,1.0302,1.0,0.8047,1.3776
2011-10-18,1.0202,1.0,0.7926,1.3676
2011-10-19,1.0317,1.0,0.7955,1.3828
2011-10-20,1.0177,1.0,0.7929,1.3807
2011-10-21,1.0216,1.0,0.7936,1.3798
2011-10-22,1.0216,1.0,0.7936,1.3798
2011-10-23,1.0216,1.0,0.7936,1.3798
2011-10-24,1.0398,1.0,0.7936,1.3856
2011-10-25,1.047,1.0,0.805,1.3918
2011-10-26,1.0376,1.0,0.7964,1.3927
2011-10-27,1.0489,1.0,0.8002,1.4038
2011-10-28,1.0664,1.0,0.8223,1.416
2011-10-29,1.0664,1.0,0.8223,1.416
2011-10-30,1.0664,1.0,0.8223,1.416
2011-10-31,1.0509,1.0,0.8207,1.4001
2011-11-01,1.0455,1.0,0.8072,1.3627
2011-11-02,1.0355,1.0,0.7954,1.3809
2011-11-03,1.0249,1.0,0.7882,1.3773
2011-11-04,1.0383,1.0,0.7945,1.3773
2011-11-05,1.0383,1.0,0.7945,1.3773
2011-11-06,1.0383,1.0,0.7945,1.3773
2011-11-07,1.0369,1.0,0.797,1.3742
2011-11-08,1.0325,1.0,0.7968,1.3788
2011-11-09,1.0355,1.0,0.7984,1.3633
2011-11-10,1.0146,1.0,0.7806,1.3616
2011-11-11,1.016,1.0,0.7773,1.365
2011-11-12,1.016,1.0,0.7773,1.365
2011-11-13,1.016,1.0,0.7773,1.365
2011-11-14,1.0297,1.0,0.7916,1.3659
2011-11-15,1.0169,1.0,0.7805,1.3532
2011-11-16,1.0086,1.0,0.7714,1.3484
2011-11-17,1.01,1.0,0.7656,1.348
2011-11-18,0.9997,1.0,0.7589,1.3576
2011-11-19,0.9997,1.0,0.7589,1.3576
2011-11-20,0.9997,1.0,0.7589,1.3576
2011-11-21,0.9979,1.0,0.7569,1.3458
2011-11-22,0.9842,1.0,0.7471,1.3535
2011-11-23,0.9771,1.0,0.7473,1.3387
2011-11-24,0.9771,1.0,0.7473,1.3387
2011-11-25,0.9771,1.0,0.7473,1.3387
2011-11-26,0.9771,1.0,0.7473,1.3387
2011-11-27,0.9771,1.0,0.7473,1.3387
2011-11-28,0.9837,1.0,0.7489,1.3348
2011-11-29,0.9932,1.0,0.7556,1.3336
2011-11-30,1.0021,1.0,0.761,1.3418
2011-12-01,1.0256,1.0,0.7794,1.3492
2011-12-02,1.0223,1.0,0.7786,1.3511
2011-12-03,1.0223,1.0,0.7786,1.3511
2011-12-04,1.0223,1.0,0.7786,1.3511
2011-12-05,1.0214,1.0,0.7793,1.3442
2011-12-06,1.0176,1.0,0.7798,1.3394
2011-12-07,1.0266,1.0,0.7803,1.3377
2011-12-08,1.0269,1.0,0.7799,1.341
2011-12-09,1.0131,1.0,0.7723,1.3384
2011-12-10,1.0131,1.0,0.7723,1.3384
2011-12-11,1.0131,1.0,0.7723,1.3384
2011-12-12,1.0166,1.0,0.7749,1.3251
2011-12-13,1.0093,1.0,0.763,1.3181
2011-12-14,1.0017,1.0,0.7568,1.2993
2011-12-15,0.9895,1.0,0.7505,1.3019
2011-12-16,0.9985,1.0,0.7536,1.3064
2011-12-17,0.9985,1.0,0.7536,1.3064
2011-12-18,0.9985,1.0,0.7536,1.3064
2011-12-19,0.9909,1.0,0.7637,1.3039
2011-12-20,0.9938,1.0,0.7559,1.3074
2011-12-21,1.0138,1.0,0.7677,1.3054
2011-12-22,1.0082,1.0,0.7704,1.3047
2011-12-23,1.017,1.0,0.7743,1.3057
2011-12-24,1.017,1.0,0.7743,1.3057
2011-12-25,1.017,1.0,0.7743,1.3057
2011-12-26,1.017,1.0,0.7743,1.3057
2011-12-27,1.017,1.0,0.7743,1.3069
2011-12-28,1.0156,1.0,0.7743,1.3074
2011-12-29,1.0101,1.0,0.7743,1.2889
2011-12-30,1.0156,1.0,0.7743,1.2939
2011-12-31,1.0156,1.0,0.7743,1.2939
2012-01-01,1.0156,1.0,0.7743,1.2939
2012-01-02,1.0156,1.0,0.7743,1.2939
2012-01-03,1.0294,1.0,0.7743,1.3014
2012-01-04,1.0353,1.0,0.7906,1.2948
2012-01-05,1.0323,1.0,0.7875,1.2832
2012-01-06,1.0221,1.0,0.7807,1.2776
2012-01-07,1.0221,1.0,0.7807,1.2776
2012-01-08,1.0221,1.0,0.7807,1.2776
2012-01-09,1.017,1.0,0.78,1.2728
2012-01-10,1.0311,1.0,0.7872,1.2808
2012-01-11,1.0284,1.0,0.794,1.2718
2012-01-12,1.0296,1.0,0.797,1.2736
2012-01-13,1.032,1.0,0.7945,1.2771
2012-01-14,1.032,1.0,0.7945,1.2771
2012-01-15,1.032,1.0,0.7945,1.2771
2012-01-16,1.032,1.0,0.7945,1.2771
2012-01-17,1.0377,1.0,0.7936,1.279
2012-01-18,1.04,1.0,0.8003,1.2831
2012-01-19,1.0395,1.0,0.8032,1.2911
2012-01-20,1.0401,1.0,0.8026,1.2902
2012-01-21,1.0401,1.0,0.8026,1.2902
2012-01-22,1.0401,1.0,0.8026,1.2902
2012-01-23,1.049,1.0,0.8026,1.3017
2012-01-24,1.0494,1.0,0.8106,1.3003
2012-01-25,1.0513,1.0,0.8117,1.2942
2012-01-26,1.0513,1.0,0.8165,1.3145
2012-01-27,1.0615,1.0,0.8218,1.3145
2012-01-28,1.0615,1.0,0.8218,1.3145
2012-01-29,1.0615,1.0,0.8218,1.3145
2012-01-30,1.0589,1.0,0.8232,1.311
2012-01-31,1.0637,1.0,0.8189,1.3176
2012-02-01,1.061,1.0,0.8254,1.3175
2012-02-02,1.0715,1.0,0.8336,1.3094
2012-02-03,1.0682,1.0,0.8332,1.316
2012-02-04,1.0682,1.0,0.8332,1.316
2012-02-05,1.0682,1.0,0.8332,1.316
2012-02-06,1.0718,1.0,0.8332,1.3042
2012-02-07,1.0778,1.0,0.834,1.3113
2012-02-08,1.0792,1.0,0.8358,1.3274
2012-02-09,1.08,1.0,0.8352,1.3288
2012-02-10,1.0713,1.0,0.8336,1.3189
2012-02-11,1.0713,1.0,0.8336,1.3189
2012-02-12,1.0713,1.0,0.8336,1.3189
2012-02-13,1.074,1.0,0.8285,1.3254
2012-02-14,1.0678,1.0,0.834,1.3169
2012-02-15,1.0737,1.0,0.8332,1.3092
2012-02-16,1.0683,1.0,0.8335,1.2982
2012-02-17,1.0772,1.0,0.8332,1.3159
2012-02-18,1.0772,1.0,0.8332,1.3159
2012-02-19,1.0772,1.0,0.8332,1.3159
2012-02-20,1.0772,1.0,0.8332,1.3159
2012-02-21,1.0724,1.0,0.8398,1.3222
2012-02-22,1.0652,1.0,0.8339,1.323
2012-02-23,1.0646,1.0,0.8288,1.33
2012-02-24,1.0738,1.0,0.8362,1.3412
2012-02-25,1.0738,1.0,0.8362,1.3412
2012-02-26,1.0738,1.0,0.8362,1.3412
2012-02-27,1.0689,1.0,0.837,1.3388
2012-02-28,1.0777,1.0,0.8399,1.3454
2012-02-29,1.0816,1.0,0.8377,1.3443
2012-03-01,1.0763,1.0,0.8342,1.3312
2012-03-02,1.0793,1.0,0.8394,1.3217
2012-03-03,1.0793,1.0,0.8394,1.3217
2012-03-04,1.0793,1.0,0.8394,1.3217
2012-03-05,1.0717,1.0,0.8307,1.322
2012-03-06,1.0614,1.0,0.8206,1.3153
2012-03-07,1.0539,1.0,0.8126,1.312
2012-03-08,1.0602,1.0,0.8164,1.3242
2012-03-09,1.0658,1.0,0.8242,1.3191
2012-03-10,1.0658,1.0,0.8242,1.3191
2012-03-11,1.0658,1.0,0.8242,1.3191
2012-03-12,1.0533,1.0,0.8198,1.3119
2012-03-13,1.0553,1.0,0.8186,1.3057
2012-03-14,1.0547,1.0,0.8225,1.3062
2012-03-15,1.0467,1.0,0.8101,1.3057
2012-03-16,1.0536,1.0,0.8195,1.3116
2012-03-17,1.0536,1.0,0.8195,1.3116
2012-03-18,1.0536,1.0,0.8195,1.3116
2012-03-19,1.0608,1.0,0.8253,1.315
2012-03-20,1.057,1.0,0.8262,1.3198
2012-03-21,1.0492,1.0,0.8171,1.3225
2012-03-22,1.0395,1.0,0.8118,1.3167
2012-03-23,1.0397,1.0,0.8104,1.3242
2012-03-24,1.0397,1.0,0.8104,1.3242
2012-03-25,1.0397,1.0,0.8104,1.3242
2012-03-26,1.0451,1.0,0.8187,1.3276
2012-03-27,1.0517,1.0,0.8231,1.3333
2012-03-28,1.0427,1.0,0.8207,1.3337
2012-03-29,1.0371,1.0,0.8176,1.3272
2012-03-30,1.0402,1.0,0.8173,1.3356
2012-03-31,1.0402,1.0,0.8173,1.3356
2012-04-01,1.0402,1.0,0.8173,1.3356
2012-04-02,1.0391,1.0,0.8228,1.3319
2012-04-03,1.0401,1.0,0.8251,1.3315
2012-04-04,1.0283,1.0,0.8177,1.3142
2012-04-05,1.0304,1.0,0.8153,1.3068
2012-04-06,1.0304,1.0,0.8153,1.3068
2012-04-07,1.0304,1.0,0.8153,1.3068
2012-04-08,1.0304,1.0,0.8153,1.3068
2012-04-09,1.0304,1.0,0.8153,1.3068
2012-04-10,1.0318,1.0,0.8213,1.3114
2012-04-11,1.0289,1.0,0.8152,1.3131
2012-04-12,1.0379,1.0,0.8196,1.3153
2012-04-13,1.0396,1.0,0.8277,1.3148
2012-04-14,1.0396,1.0,0.8277,1.3148
2012-04-15,1.0396,1.0,0.8277,1.3148
2012-04-16,1.0331,1.0,0.8233,1.3024
2012-04-17,1.0318,1.0,0.8201,1.3132
2012-04-18,1.0402,1.0,0.8221,1.3093
2012-04-19,1.0354,1.0,0.8159,1.3086
2012-04-20,1.0336,1.0,0.8147,1.3192
2012-04-21,1.0336,1.0,0.8147,1.3192
2012-04-22,1.0336,1.0,0.8147,1.3192
2012-04-23,1.0339,1.0,0.8177,1.3131
2012-04-24,1.0262,1.0,0.8134,1.3161
2012-04-25,1.0262,1.0,0.8134,1.3206
2012-04-26,1.0381,1.0,0.8149,1.3215
2012-04-27,1.0369,1.0,0.8124,1.3229
2012-04-28,1.0369,1.0,0.8124,1.3229
2012-04-29,1.0369,1.0,0.8124,1.3229
2012-04-30,1.0453,1.0,0.8232,1.3214
2012-05-01,1.0339,1.0,0.8182,1.3214
2012-05-02,1.0342,1.0,0.815,1.3131
2012-05-03,1.0305,1.0,0.8075,1.3123
2012-05-04,1.0267,1.0,0.8005,1.3132
2012-05-05,1.0267,1.0,0.8005,1.3132
2012-05-06,1.0267,1.0,0.8005,1.3132
2012-05-07,1.0146,1.0,0.792,1.3033
2012-05-08,1.0192,1.0,0.7963,1.3025
2012-05-09,1.0074,1.0,0.7864,1.295
2012-05-10,1.0105,1.0,0.7841,1.2961
2012-05-11,1.0053,1.0,0.7838,1.2944
2012-05-12,1.0053,1.0,0.7838,1.2944
2012-05-13,1.0053,1.0,0.7838,1.2944
2012-05-14,1.0013,1.0,0.7799,1.2863
2012-05-15,0.9995,1.0,0.777,1.2843
2012-05-16,0.9915,1.0,0.7689,1.2738
2012-05-17,0.9958,1.0,0.7647,1.2682
2012-05-18,0.9818,1.0,0.7635,1.2721
2012-05-19,0.9818,1.0,0.7635,1.2721
2012-05-20,0.9818,1.0,0.7635,1.2721
2012-05-21,0.9854,1.0,0.7544,1.275
2012-05-22,0.9925,1.0,0.7668,1.2768
2012-05-23,0.9777,1.0,0.7545,1.2659
2012-05-24,0.9758,1.0,0.7524,1.2557
2012-05-25,0.9744,1.0,0.7537,1.2546
2012-05-26,0.9744,1.0,0.7537,1.2546
2012-05-27,0.9744,1.0,0.7537,1.2546
2012-05-28,0.9744,1.0,0.7537,1.2546
2012-05-29,0.9864,1.0,0.7608,1.2523
2012-05-30,0.9796,1.0,0.7612,1.2438
2012-05-31,0.9727,1.0,0.7518,1.2403
2012-06-01,0.97,1.0,0.7529,1.2322
2012-06-02,0.97,1.0,0.7529,1.2322
2012-06-03,0.97,1.0,0.7529,1.2322
2012-06-04,0.9675,1.0,0.7529,1.2437
2012-06-05,0.9794,1.0,0.757,1.2429
2012-06-06,0.9829,1.0,0.7576,1.2485
2012-06-07,0.9962,1.0,0.77,1.2595
2012-06-08,0.9852,1.0,0.7682,1.2468
2012-06-09,0.9852,1.0,0.7682,1.2468
2012-06-10,0.9852,1.0,0.7682,1.2468
2012-06-11,0.9852,1.0,0.7772,1.2544
2012-06-12,0.9898,1.0,0.7677,1.2492
2012-06-13,0.9946,1.0,0.7782,1.2534
2012-06-14,0.9956,1.0,0.7756,1.2551
2012-06-15,1.0015,1.0,0.783,1.2596
2012-06-16,1.0015,1.0,0.783,1.2596
2012-06-17,1.0015,1.0,0.783,1.2596
2012-06-18,1.012,1.0,0.7922,1.2618
2012-06-19,1.0131,1.0,0.793,1.2619
2012-06-20,1.019,1.0,0.7962,1.2704
2012-06-21,1.0164,1.0,0.8,1.267
2012-06-22,1.0057,1.0,0.7878,1.2539
2012-06-23,1.0057,1.0,0.7878,1.2539
2012-06-24,1.0057,1.0,0.7878,1.2539
2012-06-25,1.0031,1.0,0.7893,1.2488
2012-06-26,1.0034,1.0,0.7872,1.2475
2012-06-27,1.0065,1.0,0.7897,1.2478
2012-06-28,1.0118,1.0,0.7924,1.2418
2012-06-29,1.0191,1.0,0.7866,1.259
2012-06-30,1.0191,1.0,0.7866,1.259
2012-07-01,1.0191,1.0,0.7866,1.259
2012-07-02,1.0227,1.0,0.8007,1.2593
2012-07-03,1.027,1.0,0.8031,1.2575
2012-07-04,1.027,1.0,0.8031,1.2575
2012-07-05,1.0267,1.0,0.8038,1.2426
2012-07-06,1.026,1.0,0.8032,1.2377
2012-07-07,1.026,1.0,0.8032,1.2377
2012-07-08,1.026,1.0,0.8032,1.2377
2012-07-09,1.019,1.0,0.7977,1.2293
2012-07-10,1.0176,1.0,0.7964,1.2285
2012-07-11,1.0214,1.0,0.7939,1.226
2012-07-12,1.017,1.0,0.7946,1.2178
2012-07-13,1.0163,1.0,0.7905,1.2185
2012-07-14,1.0163,1.0,0.7905,1.2185
2012-07-15,1.0163,1.0,0.7905,1.2185
2012-07-16,1.0234,1.0,0.7975,1.2177
2012-07-17,1.0294,1.0,0.7966,1.2281
2012-07-18,1.03,1.0,0.7975,1.2234
2012-07-19,1.039,1.0,0.7998,1.2287
2012-07-20,1.0403,1.0,0.8033,1.22
2012-07-21,1.0403,1.0,0.8033,1.22
2012-07-22,1.0403,1.0,0.8033,1.22
2012-07-23,1.0314,1.0,0.797,1.2105
2012-07-24,1.0304,1.0,0.788,1.2089
2012-07-25,1.022,1.0,0.7827,1.2134
2012-07-26,1.0331,1.0,0.7908,1.226
2012-07-27,1.0426,1.0,0.8001,1.2317
2012-07-28,1.0426,1.0,0.8001,1.2317
2012-07-29,1.0426,1.0,0.8001,1.2317
2012-07-30,1.0464,1.0,0.8096,1.2246
2012-07-31,1.0526,1.0,0.8092,1.2284
2012-08-01,1.0507,1.0,0.8088,1.2298
2012-08-02,1.0483,1.0,0.8089,1.2346
2012-08-03,1.0479,1.0,0.8093,1.2245
2012-08-04,1.0479,1.0,0.8093,1.2245
2012-08-05,1.0479,1.0,0.8093,1.2245
2012-08-06,1.0479,1.0,0.8183,1.2379
2012-08-07,1.058,1.0,0.8201,1.2436
2012-08-08,1.0551,1.0,0.8152,1.2336
2012-08-09,1.0593,1.0,0.8126,1.2301
2012-08-10,1.0519,1.0,0.8114,1.2262
2012-08-11,1.0519,1.0,0.8114,1.2262
2012-08-12,1.0519,1.0,0.8114,1.2262
2012-08-13,1.055,1.0,0.812,1.2339
2012-08-14,1.0516,1.0,0.8098,1.2352
2012-08-15,1.0476,1.0,0.8049,1.2276
2012-08-16,1.0483,1.0,0.8069,1.2279
2012-08-17,1.0472,1.0,0.8114,1.2337
2012-08-18,1.0472,1.0,0.8114,1.2337
2012-08-19,1.0472,1.0,0.8114,1.2337
2012-08-20,1.0446,1.0,0.8066,1.23
2012-08-21,1.0481,1.0,0.8098,1.2428
2012-08-22,1.0437,1.0,0.8101,1.2448
2012-08-23,1.0516,1.0,0.8142,1.2552
2012-08-24,1.0438,1.0,0.8124,1.2507
2012-08-25,1.0438,1.0,0.8124,1.2507
2012-08-26,1.0438,1.0,0.8124,1.2507
2012-08-27,1.0384,1.0,0.8111,1.253
2012-08-28,1.0374,1.0,0.8085,1.2548
2012-08-29,1.0373,1.0,0.8043,1.2545
2012-08-30,1.0337,1.0,0.8013,1.2544
2012-08-31,1.0301,1.0,0.7984,1.2611
2012-09-01,1.0301,1.0,0.7984,1.2611
2012-09-02,1.0301,1.0,0.7984,1.2611
2012-09-03,1.0301,1.0,0.7984,1.2611
2012-09-04,1.0276,1.0,0.7984,1.2579
2012-09-05,1.0205,1.0,0.7942,1.2578
2012-09-06,1.0226,1.0,0.7951,1.2638
2012-09-07,1.0321,1.0,0.8008,1.2706
2012-09-08,1.0321,1.0,0.8008,1.2706
2012-09-09,1.0321,1.0,0.8008,1.2706
2012-09-10,1.0351,1.0,0.811,1.2776
2012-09-11,1.0334,1.0,0.8095,1.2787
2012-09-12,1.047,1.0,0.8169,1.2896
2012-09-13,1.0471,1.0,0.8209,1.291
2012-09-14,1.0579,1.0,0.8314,1.3095
2012-09-15,1.0579,1.0,0.8314,1.3095
2012-09-16,1.0579,1.0,0.8314,1.3095
2012-09-17,1.0534,1.0,0.8292,1.3086
2012-09-18,1.0452,1.0,0.8268,1.3054
2012-09-19,1.047,1.0,0.8274,1.3002
2012-09-20,1.0389,1.0,0.8297,1.2954
2012-09-21,1.0469,1.0,0.8292,1.2988
2012-09-22,1.0469,1.0,0.8292,1.2988
2012-09-23,1.0469,1.0,0.8292,1.2988
2012-09-24,1.0422,1.0,0.8283,1.2916
2012-09-25,1.0422,1.0,0.8225,1.2932
2012-09-26,1.0353,1.0,0.8202,1.2845
2012-09-27,1.0419,1.0,0.8246,1.2874
2012-09-28,1.0464,1.0,0.8306,1.293
2012-09-29,1.0464,1.0,0.8306,1.293
2012-09-30,1.0464,1.0,0.8306,1.293
2012-10-01,1.0464,1.0,0.8286,1.2877
2012-10-02,1.0305,1.0,0.828,1.293
2012-10-03,1.0213,1.0,0.8265,1.2904
2012-10-04,1.0222,1.0,0.8192,1.2951
2012-10-05,1.0263,1.0,0.8215,1.3002
2012-10-06,1.0263,1.0,0.8215,1.3002
2012-10-07,1.0263,1.0,0.8215,1.3002
2012-10-08,1.0263,1.0,0.8215,1.3002
2012-10-09,1.0229,1.0,0.8193,1.2953
2012-10-10,1.0228,1.0,0.8177,1.2889
2012-10-11,1.028,1.0,0.8161,1.2918
2012-10-12,1.0271,1.0,0.8178,1.297
2012-10-13,1.0271,1.0,0.8178,1.297
2012-10-14,1.0271,1.0,0.8178,1.297
2012-10-15,1.0216,1.0,0.8173,1.2971
2012-10-16,1.0264,1.0,0.8157,1.3046
2012-10-17,1.0309,1.0,0.8166,1.312
2012-10-18,1.0386,1.0,0.8215,1.3118
2012-10-19,1.0364,1.0,0.8197,1.3035
2012-10-20,1.0364,1.0,0.8197,1.3035
2012-10-21,1.0364,1.0,0.8197,1.3035
2012-10-22,1.0326,1.0,0.8197,1.3063
2012-10-23,1.0323,1.0,0.8179,1.3005
2012-10-24,1.0315,1.0,0.812,1.2942
2012-10-25,1.0363,1.0,0.8196,1.2993
2012-10-26,1.0313,1.0,0.8195,1.2908
2012-10-27,1.0313,1.0,0.8195,1.2908
2012-10-28,1.0313,1.0,0.8195,1.2908
2012-10-29,1.0313,1.0,0.8195,1.2898
2012-10-30,1.0313,1.0,0.8195,1.2962
2012-10-31,1.0378,1.0,0.8215,1.2993
2012-11-01,1.0372,1.0,0.8222,1.2975
2012-11-02,1.0396,1.0,0.8266,1.285
2012-11-03,1.0396,1.0,0.8266,1.285
2012-11-04,1.0396,1.0,0.8266,1.285
2012-11-05,1.0363,1.0,0.8247,1.2777
2012-11-06,1.0429,1.0,0.8257,1.28
2012-11-07,1.0451,1.0,0.8275,1.2746
2012-11-08,1.041,1.0,0.8182,1.2736
2012-11-09,1.042,1.0,0.8152,1.2694
2012-11-10,1.042,1.0,0.8152,1.2694
2012-11-11,1.042,1.0,0.8152,1.2694
2012-11-12,1.042,1.0,0.8146,1.2735
2012-11-13,1.0404,1.0,0.8176,1.2696
2012-11-14,1.0453,1.0,0.8164,1.2726
2012-11-15,1.0369,1.0,0.8103,1.2756
2012-11-16,1.0326,1.0,0.8092,1.2745
2012-11-17,1.0326,1.0,0.8092,1.2745
2012-11-18,1.0326,1.0,0.8092,1.2745
2012-11-19,1.0374,1.0,0.8134,1.2762
2012-11-20,1.041,1.0,0.819,1.2809
2012-11-21,1.0352,1.0,0.8169,1.2805
2012-11-22,1.0352,1.0,0.8169,1.2805
2012-11-23,1.0352,1.0,0.8169,1.2805
2012-11-24,1.0352,1.0,0.8169,1.2805
2012-11-25,1.0352,1.0,0.8169,1.2805
2012-11-26,1.0457,1.0,0.8238,1.2964
2012-11-27,1.0486,1.0,0.8231,1.2961
2012-11-28,1.0458,1.0,0.8207,1.2891
2012-11-29,1.0466,1.0,0.8235,1.2994
2012-11-30,1.0431,1.0,0.8229,1.2986
2012-12-01,1.0431,1.0,0.8229,1.2986
2012-12-02,1.0431,1.0,0.8229,1.2986
2012-12-03,1.0414,1.0,0.8205,1.3057
2012-12-04,1.0439,1.0,0.8208,1.3092
2012-12-05,1.0477,1.0,0.8237,1.3065
2012-12-06,1.0463,1.0,0.8289,1.3072
2012-12-07,1.048,1.0,0.8328,1.2905
2012-12-08,1.048,1.0,0.8328,1.2905
2012-12-09,1.048,1.0,0.8328,1.2905
2012-12-10,1.0472,1.0,0.8322,1.293
2012-12-11,1.0482,1.0,0.8348,1.2993
2012-12-12,1.0524,1.0,0.8392,1.304
2012-12-13,1.055,1.0,0.843,1.3077
2012-12-14,1.054,1.0,0.8431,1.3081
2012-12-15,1.054,1.0,0.8431,1.3081
2012-12-16,1.054,1.0,0.8431,1.3081
2012-12-17,1.0541,1.0,0.8463,1.316
2012-12-18,1.0541,1.0,0.8447,1.3178
2012-12-19,1.0517,1.0,0.8414,1.3302
2012-12-20,1.0482,1.0,0.8339,1.3246
2012-12-21,1.0451,1.0,0.8346,1.3209
2012-12-22,1.0451,1.0,0.8346,1.3209
2012-12-23,1.0451,1.0,0.8346,1.3209
2012-12-24,1.0451,1.0,0.8346,1.3209
2012-12-25,1.0451,1.0,0.8346,1.3209
2012-12-26,1.0451,1.0,0.8346,1.3209
2012-12-27,1.0357,1.0,0.8192,1.3266
2012-12-28,1.038,1.0,0.8209,1.3183
2012-12-29,1.038,1.0,0.8209,1.3183
2012-12-30,1.038,1.0,0.8209,1.3183
2012-12-31,1.038,1.0,0.8209,1.3183
2013-01-01,1.038,1.0,0.8209,1.3183
2013-01-02,1.0468,1.0,0.8209,1.3262
2013-01-03,1.0468,1.0,0.8335,1.3102
2013-01-04,1.0434,1.0,0.8279,1.3012
2013-01-05,1.0434,1.0,0.8279,1.3012
2013-01-06,1.0434,1.0,0.8279,1.3012
2013-01-07,1.0472,1.0,0.8308,1.3039
2013-01-08,1.048,1.0,0.8372,1.3086
2013-01-09,1.0504,1.0,0.8365,1.3056
2013-01-10,1.0549,1.0,0.8398,1.3113
2013-01-11,1.0583,1.0,0.8447,1.3274
2013-01-12,1.0583,1.0,0.8447,1.3274
2013-01-13,1.0583,1.0,0.8447,1.3274
2013-01-14,1.056,1.0,0.8389,1.3341
2013-01-15,1.0546,1.0,0.8427,1.3327
2013-01-16,1.0564,1.0,0.8398,1.3277
2013-01-17,1.0508,1.0,0.8414,1.3368
2013-01-18,1.0518,1.0,0.836,1.3324
2013-01-19,1.0518,1.0,0.836,1.3324
2013-01-20,1.0518,1.0,0.836,1.3324
2013-01-21,1.0518,1.0,0.836,1.3324
2013-01-22,1.055,1.0,0.836,1.3317
2013-01-23,1.0537,1.0,0.8413,1.333
2013-01-24,1.0515,1.0,0.8424,1.3349
2013-01-25,1.045,1.0,0.8378,1.3469
2013-01-26,1.045,1.0,0.8378,1.3469
2013-01-27,1.045,1.0,0.8378,1.3469
2013-01-28,1.045,1.0,0.8357,1.3444
2013-01-29,1.0445,1.0,0.8338,1.3433
2013-01-30,1.0475,1.0,0.8389,1.3541
2013-01-31,1.0394,1.0,0.8359,1.355
2013-02-01,1.039,1.0,0.8392,1.3644
2013-02-02,1.039,1.0,0.8392,1.3644
2013-02-03,1.039,1.0,0.8392,1.3644
2013-02-04,1.0428,1.0,0.8479,1.3552
2013-02-05,1.04,1.0,0.8432,1.3537
2013-02-06,1.0353,1.0,0.8432,1.3517
2013-02-07,1.0318,1.0,0.8395,1.3546
2013-02-08,1.0287,1.0,0.833,1.3374
2013-02-09,1.0287,1.0,0.833,1.3374
2013-02-10,1.0287,1.0,0.833,1.3374
2013-02-11,1.0301,1.0,0.8366,1.3391
2013-02-12,1.0251,1.0,0.835,1.3438
2013-02-13,1.0359,1.0,0.8405,1.348
2013-02-14,1.0352,1.0,0.8461,1.3327
2013-02-15,1.0366,1.0,0.8516,1.3325
2013-02-16,1.0366,1.0,0.8516,1.3325
2013-02-17,1.0366,1.0,0.8516,1.3325
2013-02-18,1.0366,1.0,0.8516,1.3325
2013-02-19,1.033,1.0,0.8453,1.3349
2013-02-20,1.036,1.0,0.8468,1.337
2013-02-21,1.0241,1.0,0.8358,1.3186
2013-02-22,1.0314,1.0,0.8339,1.3186
2013-02-23,1.0314,1.0,0.8339,1.3186
2013-02-24,1.0314,1.0,0.8339,1.3186
2013-02-25,1.0282,1.0,0.8359,1.3304
2013-02-26,1.0275,1.0,0.8327,1.3077
2013-02-27,1.0214,1.0,0.8243,1.3097
2013-02-28,1.0275,1.0,0.828,1.3129
2013-03-01,1.0232,1.0,0.8248,1.3
2013-03-02,1.0232,1.0,0.8248,1.3
2013-03-03,1.0232,1.0,0.8248,1.3
2013-03-04,1.0124,1.0,0.823,1.3007
2013-03-05,1.0241,1.0,0.8277,1.3034
2013-03-06,1.0241,1.0,0.8277,1.3035
2013-03-07,1.0251,1.0,0.8283,1.301
2013-03-08,1.0241,1.0,0.8287,1.309
2013-03-09,1.0241,1.0,0.8287,1.309
2013-03-10,1.0241,1.0,0.8287,1.309
2013-03-11,1.0221,1.0,0.8211,1.2994
2013-03-12,1.0282,1.0,0.8272,1.3053
2013-03-13,1.031,1.0,0.8247,1.2981
2013-03-14,1.0369,1.0,0.8184,1.2937
2013-03-15,1.0376,1.0,0.8217,1.3086
2013-03-16,1.0376,1.0,0.8217,1.3086
2013-03-17,1.0376,1.0,0.8217,1.3086
2013-03-18,1.0364,1.0,0.8237,1.2929
2013-03-19,1.0387,1.0,0.8266,1.2944
2013-03-20,1.038,1.0,0.8252,1.2945
2013-03-21,1.0372,1.0,0.8266,1.291
2013-03-22,1.0431,1.0,0.8312,1.2948
2013-03-23,1.0431,1.0,0.8312,1.2948
2013-03-24,1.0431,1.0,0.8312,1.2948
2013-03-25,1.045,1.0,0.8346,1.2935
2013-03-26,1.0462,1.0,0.8353,1.2861
2013-03-27,1.0466,1.0,0.8392,1.2768
2013-03-28,1.0426,1.0,0.8369,1.2805
2013-03-29,1.0426,1.0,0.8369,1.2805
2013-03-30,1.0426,1.0,0.8369,1.2805
2013-03-31,1.0426,1.0,0.8369,1.2805
2013-04-01,1.0426,1.0,0.8369,1.2805
2013-04-02,1.0457,1.0,0.8377,1.284
2013-04-03,1.0457,1.0,0.8417,1.2828
2013-04-04,1.0462,1.0,0.8415,1.2818
2013-04-05,1.0419,1.0,0.8422,1.2944
2013-04-06,1.0419,1.0,0.8422,1.2944
2013-04-07,1.0419,1.0,0.8422,1.2944
2013-04-08,1.0371,1.0,0.8408,1.3023
2013-04-09,1.0431,1.0,0.8463,1.304
2013-04-10,1.0505,1.0,0.8524,1.3086
2013-04-11,1.0518,1.0,0.8584,1.3119
2013-04-12,1.0553,1.0,0.8634,1.3052
2013-04-13,1.0553,1.0,0.8634,1.3052
2013-04-14,1.0553,1.0,0.8634,1.3052
2013-04-15,1.0445,1.0,0.8578,1.3081
2013-04-16,1.0362,1.0,0.8437,1.3129
2013-04-17,1.0356,1.0,0.851,1.3129
2013-04-18,1.0305,1.0,0.8448,1.3045
2013-04-19,1.0336,1.0,0.8415,1.3115
2013-04-20,1.0336,1.0,0.8415,1.3115
2013-04-21,1.0336,1.0,0.8415,1.3115
2013-04-22,1.0289,1.0,0.8412,1.3037
2013-04-23,1.0236,1.0,0.8427,1.299
2013-04-24,1.0254,1.0,0.8432,1.3006
2013-04-25,1.0254,1.0,0.8432,1.308
2013-04-26,1.0309,1.0,0.8506,1.2999
2013-04-27,1.0309,1.0,0.8506,1.2999
2013-04-28,1.0309,1.0,0.8506,1.2999
2013-04-29,1.0312,1.0,0.8498,1.3113
2013-04-30,1.0368,1.0,0.8551,1.3072
2013-05-01,1.0367,1.0,0.8569,1.3072
2013-05-02,1.0231,1.0,0.8508,1.3191
2013-05-03,1.0271,1.0,0.8511,1.3114
2013-05-04,1.0271,1.0,0.8511,1.3114
2013-05-05,1.0271,1.0,0.8511,1.3114
2013-05-06,1.029,1.0,0.8537,1.3107
2013-05-07,1.0193,1.0,0.8514,1.3107
2013-05-08,1.0187,1.0,0.8456,1.3135
2013-05-09,1.0237,1.0,0.8457,1.3142
2013-05-10,1.0071,1.0,0.8409,1.2988
2013-05-11,1.0071,1.0,0.8409,1.2988
2013-05-12,1.0071,1.0,0.8409,1.2988
2013-05-13,0.9996,1.0,0.8288,1.2973
2013-05-14,0.9989,1.0,0.8246,1.2977
2013-05-15,0.9892,1.0,0.8214,1.2864
2013-05-16,0.9861,1.0,0.8238,1.289
2013-05-17,0.976,1.0,0.8174,1.2869
2013-05-18,0.976,1.0,0.8174,1.2869
2013-05-19,0.976,1.0,0.8174,1.2869
2013-05-20,0.9771,1.0,0.8084,1.2853
2013-05-21,0.9826,1.0,0.8179,1.2866
2013-05-22,0.977,1.0,0.816,1.2923
2013-05-23,0.9614,1.0,0.805,1.2888
2013-05-24,0.9686,1.0,0.8109,1.2939
2013-05-25,0.9686,1.0,0.8109,1.2939
2013-05-26,0.9686,1.0,0.8109,1.2939
2013-05-27,0.9686,1.0,0.8109,1.2939
2013-05-28,0.9649,1.0,0.8087,1.2938
2013-05-29,0.9539,1.0,0.8063,1.2952
2013-05-30,0.9674,1.0,0.8096,1.2944
2013-05-31,0.9649,1.0,0.8092,1.3006
2013-06-01,0.9649,1.0,0.8092,1.3006
2013-06-02,0.9649,1.0,0.8092,1.3006
2013-06-03,0.9635,1.0,0.8092,1.3008
2013-06-04,0.9733,1.0,0.8095,1.3092
2013-06-05,0.9617,1.0,0.8023,1.3067
2013-06-06,0.9443,1.0,0.7962,1.3118
2013-06-07,0.9504,1.0,0.7994,1.326
2013-06-08,0.9504,1.0,0.7994,1.326
2013-06-09,0.9504,1.0,0.7994,1.326
2013-06-10,0.9504,1.0,0.7849,1.3209
2013-06-11,0.9407,1.0,0.789,1.3273
2013-06-12,0.9418,1.0,0.7894,1.3277
2013-06-13,0.9463,1.0,0.7951,1.3315
2013-06-14,0.9581,1.0,0.8092,1.3303
2013-06-15,0.9581,1.0,0.8092,1.3303
2013-06-16,0.9581,1.0,0.8092,1.3303
2013-06-17,0.9625,1.0,0.8059,1.3337
2013-06-18,0.9514,1.0,0.799,1.3374
2013-06-19,0.9485,1.0,0.7991,1.3406
2013-06-20,0.924,1.0,0.7857,1.32
2013-06-21,0.9233,1.0,0.777,1.318
2013-06-22,0.9233,1.0,0.777,1.318
2013-06-23,0.9233,1.0,0.777,1.318
2013-06-24,0.9202,1.0,0.7769,1.3086
2013-06-25,0.9252,1.0,0.7763,1.3134
2013-06-26,0.9269,1.0,0.7736,1.3024
2013-06-27,0.9318,1.0,0.7781,1.3032
2013-06-28,0.9275,1.0,0.7785,1.308
2013-06-29,0.9275,1.0,0.7785,1.308
2013-06-30,0.9275,1.0,0.7785,1.308
2013-07-01,0.9194,1.0,0.7732,1.3037
2013-07-02,0.9172,1.0,0.7825,1.3017
2013-07-03,0.9083,1.0,0.7751,1.2959
2013-07-04,0.9083,1.0,0.7751,1.2959
2013-07-05,0.9083,1.0,0.7751,1.2959
2013-07-06,0.9083,1.0,0.7751,1.2959
2013-07-07,0.9083,1.0,0.7751,1.2959
2013-07-08,0.9051,1.0,0.7716,1.285
2013-07-09,0.9137,1.0,0.7803,1.2857
2013-07-10,0.9189,1.0,0.7833,1.2813
2013-07-11,0.9295,1.0,0.7929,1.3044
2013-07-12,0.917,1.0,0.7847,1.3034
2013-07-13,0.917,1.0,0.7847,1.3034
2013-07-14,0.917,1.0,0.7847,1.3034
2013-07-15,0.9107,1.0,0.7792,1.3012
2013-07-16,0.9194,1.0,0.7798,1.3118
2013-07-17,0.9215,1.0,0.7881,1.3136
2013-07-18,0.9179,1.0,0.7901,1.3093
2013-07-19,0.9181,1.0,0.7907,1.3123
2013-07-20,0.9181,1.0,0.7907,1.3123
2013-07-21,0.9181,1.0,0.7907,1.3123
2013-07-22,0.9223,1.0,0.7916,1.3166
2013-07-23,0.9258,1.0,0.7979,1.318
2013-07-24,0.9253,1.0,0.8,1.3246
2013-07-25,0.9164,1.0,0.7973,1.3202
2013-07-26,0.9271,1.0,0.8065,1.326
2013-07-27,0.9271,1.0,0.8065,1.326
2013-07-28,0.9271,1.0,0.8065,1.326
2013-07-29,0.9257,1.0,0.8093,1.327
2013-07-30,0.9072,1.0,0.8021,1.3284
2013-07-31,0.9037,1.0,0.799,1.3275
2013-08-01,0.8969,1.0,0.7946,1.3236
2013-08-02,0.8909,1.0,0.79,1.3203
2013-08-03,0.8909,1.0,0.79,1.3203
2013-08-04,0.8909,1.0,0.79,1.3203
2013-08-05,0.8909,1.0,0.7778,1.3257
2013-08-06,0.8977,1.0,0.7841,1.328
2013-08-07,0.8957,1.0,0.7899,1.3305
2013-08-08,0.908,1.0,0.7958,1.336
2013-08-09,0.9118,1.0,0.7994,1.3373
2013-08-10,0.9118,1.0,0.7994,1.3373
2013-08-11,0.9118,1.0,0.7994,1.3373
2013-08-12,0.9203,1.0,0.8044,1.328
2013-08-13,0.9127,1.0,0.7978,1.329
2013-08-14,0.9099,1.0,0.7983,1.3243
2013-08-15,0.9166,1.0,0.8042,1.3297
2013-08-16,0.9147,1.0,0.8068,1.334
2013-08-17,0.9147,1.0,0.8068,1.334
2013-08-18,0.9147,1.0,0.8068,1.334
2013-08-19,0.9216,1.0,0.812,1.3344
2013-08-20,0.906,1.0,0.8073,1.3392
2013-08-21,0.9037,1.0,0.7962,1.3384
2013-08-22,0.8991,1.0,0.7854,1.3323
2013-08-23,0.9009,1.0,0.7848,1.3355
2013-08-24,0.9009,1.0,0.7848,1.3355
2013-08-25,0.9009,1.0,0.7848,1.3355
2013-08-26,0.904,1.0,0.7802,1.3361
2013-08-27,0.8959,1.0,0.7844,1.3338
2013-08-28,0.8924,1.0,0.7789,1.3347
2013-08-29,0.8973,1.0,0.7814,1.3266
2013-08-30,0.8947,1.0,0.7761,1.3235
2013-08-31,0.8947,1.0,0.7761,1.3235
2013-09-01,0.8947,1.0,0.7761,1.3235
2013-09-02,0.8947,1.0,0.7761,1.3235
2013-09-03,0.9033,1.0,0.7816,1.3172
2013-09-04,0.9097,1.0,0.7805,1.3171
2013-09-05,0.9161,1.0,0.7895,1.3202
2013-09-06,0.9131,1.0,0.789,1.3117
2013-09-07,0.9131,1.0,0.789,1.3117
2013-09-08,0.9131,1.0,0.789,1.3117
2013-09-09,0.9191,1.0,0.7987,1.3194
2013-09-10,0.9275,1.0,0.8014,1.324
2013-09-11,0.9289,1.0,0.8059,1.3268
2013-09-12,0.9249,1.0,0.8129,1.329
2013-09-13,0.9235,1.0,0.813,1.3295
2013-09-14,0.9235,1.0,0.813,1.3295
2013-09-15,0.9235,1.0,0.813,1.3295
2013-09-16,0.9324,1.0,0.8202,1.3357
2013-09-17,0.9313,1.0,0.8176,1.3356
2013-09-18,0.935,1.0,0.8231,1.3352
2013-09-19,0.9496,1.0,0.8371,1.3545
2013-09-20,0.9454,1.0,0.8383,1.3514
2013-09-21,0.9454,1.0,0.8383,1.3514
2013-09-22,0.9454,1.0,0.8383,1.3514
2013-09-23,0.9432,1.0,0.8365,1.3508
2013-09-24,0.9411,1.0,0.8368,1.3473
2013-09-25,0.9381,1.0,0.824,1.3504
2013-09-26,0.9376,1.0,0.8244,1.3499
2013-09-27,0.9359,1.0,0.8292,1.3537
2013-09-28,0.9359,1.0,0.8292,1.3537
2013-09-29,0.9359,1.0,0.8292,1.3537
2013-09-30,0.9309,1.0,0.827,1.3505
2013-10-01,0.9396,1.0,0.8299,1.3554
2013-10-02,0.9369,1.0,0.8273,1.3515
2013-10-03,0.9391,1.0,0.8315,1.3594
2013-10-04,0.9443,1.0,0.8292,1.3593
2013-10-05,0.9443,1.0,0.8292,1.3593
2013-10-06,0.9443,1.0,0.8292,1.3593
2013-10-07,0.9443,1.0,0.8315,1.3572
2013-10-08,0.9434,1.0,0.8299,1.3576
2013-10-09,0.9434,1.0,0.8297,1.3515
2013-10-10,0.9397,1.0,0.8297,1.3532
2013-10-11,0.947,1.0,0.828,1.3566
2013-10-12,0.947,1.0,0.828,1.3566
2013-10-13,0.947,1.0,0.828,1.3566
2013-10-14,0.947,1.0,0.828,1.3566
2013-10-15,0.9533,1.0,0.8348,1.3493
2013-10-16,0.9525,1.0,0.8397,1.3561
2013-10-17,0.9542,1.0,0.8422,1.3662
2013-10-18,0.9617,1.0,0.8476,1.3684
2013-10-19,0.9617,1.0,0.8476,1.3684
2013-10-20,0.9617,1.0,0.8476,1.3684
2013-10-21,0.9672,1.0,0.8498,1.3667
2013-10-22,0.9649,1.0,0.8452,1.3674
2013-10-23,0.9655,1.0,0.8515,1.3752
2013-10-24,0.9651,1.0,0.8414,1.3805
2013-10-25,0.9615,1.0,0.8346,1.3777
2013-10-26,0.9615,1.0,0.8346,1.3777
2013-10-27,0.9615,1.0,0.8346,1.3777
2013-10-28,0.9609,1.0,0.8346,1.3784
2013-10-29,0.9515,1.0,0.8304,1.3768
2013-10-30,0.9482,1.0,0.8262,1.3755
2013-10-31,0.949,1.0,0.8267,1.3641
2013-11-01,0.9481,1.0,0.8261,1.3505
2013-11-02,0.9481,1.0,0.8261,1.3505
2013-11-03,0.9481,1.0,0.8261,1.3505
2013-11-04,0.9481,1.0,0.8262,1.3506
2013-11-05,0.9467,1.0,0.8284,1.3494
2013-11-06,0.9518,1.0,0.8366,1.3517
2013-11-07,0.9477,1.0,0.8379,1.3365
2013-11-08,0.9465,1.0,0.8323,1.3431
2013-11-09,0.9465,1.0,0.8323,1.3431
2013-11-10,0.9465,1.0,0.8323,1.3431
2013-11-11,0.9382,1.0,0.8262,1.3394
2013-11-12,0.9336,1.0,0.8258,1.3432
2013-11-13,0.9306,1.0,0.822,1.3415
2013-11-14,0.9347,1.0,0.828,1.3436
2013-11-15,0.9344,1.0,0.8276,1.346
2013-11-16,0.9344,1.0,0.8276,1.346
2013-11-17,0.9344,1.0,0.8276,1.346
2013-11-18,0.9398,1.0,0.8357,1.3517
2013-11-19,0.9386,1.0,0.8337,1.3502
2013-11-20,0.9406,1.0,0.837,1.3527
2013-11-21,0.9296,1.0,0.826,1.3472
2013-11-22,0.9177,1.0,0.8206,1.3518
2013-11-23,0.9177,1.0,0.8206,1.3518
2013-11-24,0.9177,1.0,0.8206,1.3518
2013-11-25,0.9144,1.0,0.8183,1.3514
2013-11-26,0.9195,1.0,0.8215,1.3547
2013-11-27,0.9123,1.0,0.82,1.3596
2013-11-28,0.9123,1.0,0.82,1.3596
2013-11-29,0.9123,1.0,0.82,1.3596
2013-11-30,0.9123,1.0,0.82,1.3596
2013-12-01,0.9123,1.0,0.82,1.3596
2013-12-02,0.9151,1.0,0.8167,1.3536
2013-12-03,0.9068,1.0,0.8189,1.3578
2013-12-04,0.9067,1.0,0.8242,1.3592
2013-12-05,0.9041,1.0,0.8198,1.3594
2013-12-06,0.9058,1.0,0.822,1.3661
2013-12-07,0.9058,1.0,0.822,1.3661
2013-12-08,0.9058,1.0,0.822,1.3661
2013-12-09,0.9105,1.0,0.8289,1.3722
2013-12-10,0.9105,1.0,0.8289,1.375
2013-12-11,0.9134,1.0,0.8303,1.3767
2013-12-12,0.9025,1.0,0.8257,1.3775
2013-12-13,0.8934,1.0,0.8246,1.3727
2013-12-14,0.8934,1.0,0.8246,1.3727
2013-12-15,0.8934,1.0,0.8246,1.3727
2013-12-16,0.8954,1.0,0.8266,1.3776
2013-12-17,0.8941,1.0,0.8256,1.3749
2013-12-18,0.8904,1.0,0.8271,1.3749
2013-12-19,0.8836,1.0,0.8231,1.3667
2013-12-20,0.8871,1.0,0.8197,1.3655
2013-12-21,0.8871,1.0,0.8197,1.3655
2013-12-22,0.8871,1.0,0.8197,1.3655
2013-12-23,0.8945,1.0,0.8209,1.3702
2013-12-24,0.892,1.0,0.8198,1.3684
2013-12-25,0.892,1.0,0.8198,1.3684
2013-12-26,0.892,1.0,0.8198,1.3684
2013-12-27,0.8906,1.0,0.8167,1.3814
2013-12-28,0.8906,1.0,0.8167,1.3814
2013-12-29,0.8906,1.0,0.8167,1.3814
2013-12-30,0.8865,1.0,0.8164,1.3783
2013-12-31,0.8865,1.0,0.8164,1.3783
2014-01-01,0.8865,1.0,0.8164,1.3783
2014-01-02,0.8912,1.0,0.8164,1.3658
2014-01-03,0.8982,1.0,0.8185,1.3634
2014-01-04,0.8982,1.0,0.8185,1.3634
2014-01-05,0.8982,1.0,0.8185,1.3634
2014-01-06,0.8949,1.0,0.8276,1.3602
2014-01-07,0.892,1.0,0.8295,1.3641
2014-01-08,0.8931,1.0,0.8286,1.3594
2014-01-09,0.8882,1.0,0.8262,1.3612
2014-01-10,0.8905,1.0,0.8255,1.3587
2014-01-11,0.8905,1.0,0.8255,1.3587
2014-01-12,0.8905,1.0,0.8255,1.3587
2014-01-13,0.9036,1.0,0.8294,1.3654
2014-01-14,0.9035,1.0,0.8376,1.3667
2014-01-15,0.8913,1.0,0.8378,1.3606
2014-01-16,0.8814,1.0,0.8338,1.3597
2014-01-17,0.8821,1.0,0.8347,1.3584
2014-01-18,0.8821,1.0,0.8347,1.3584
2014-01-19,0.8821,1.0,0.8347,1.3584
2014-01-20,0.8821,1.0,0.8347,1.3584
2014-01-21,0.8821,1.0,0.8347,1.3526
2014-01-22,0.8866,1.0,0.8317,1.3566
2014-01-23,0.8798,1.0,0.831,1.3639
2014-01-24,0.8716,1.0,0.8307,1.3687
2014-01-25,0.8716,1.0,0.8307,1.3687
2014-01-26,0.8716,1.0,0.8307,1.3687
2014-01-27,0.8716,1.0,0.8228,1.3658
2014-01-28,0.8787,1.0,0.8236,1.3649
2014-01-29,0.8806,1.0,0.8284,1.3608
2014-01-30,0.8726,1.0,0.8209,1.3574
2014-01-31,0.8763,1.0,0.8168,1.3516
2014-02-01,0.8763,1.0,0.8168,1.3516
2014-02-02,0.8763,1.0,0.8168,1.3516
2014-02-03,0.8755,1.0,0.8106,1.3498
2014-02-04,0.888,1.0,0.8083,1.3519
2014-02-05,0.8892,1.0,0.8249,1.3543
2014-02-06,0.8964,1.0,0.8249,1.3495
2014-02-07,0.894,1.0,0.8248,1.3574
2014-02-08,0.894,1.0,0.8248,1.3574
2014-02-09,0.894,1.0,0.8248,1.3574
2014-02-10,0.8933,1.0,0.8286,1.3638
2014-02-11,0.9009,1.0,0.8266,1.3676
2014-02-12,0.905,1.0,0.8318,1.3573
2014-02-13,0.8934,1.0,0.8317,1.3675
2014-02-14,0.8996,1.0,0.834,1.3707
2014-02-15,0.8996,1.0,0.834,1.3707
2014-02-16,0.8996,1.0,0.834,1.3707
2014-02-17,0.8996,1.0,0.834,1.3707
2014-02-18,0.9057,1.0,0.8366,1.3731
2014-02-19,0.9017,1.0,0.8307,1.3745
2014-02-20,0.8954,1.0,0.827,1.3706
2014-02-21,0.8992,1.0,0.8312,1.3707
2014-02-22,0.8992,1.0,0.8312,1.3707
2014-02-23,0.8992,1.0,0.8312,1.3707
2014-02-24,0.8968,1.0,0.8282,1.3735
2014-02-25,0.9034,1.0,0.8331,1.3754
2014-02-26,0.9011,1.0,0.8326,1.3726
2014-02-27,0.894,1.0,0.8316,1.3656
2014-02-28,0.8947,1.0,0.8376,1.3813
2014-03-01,0.8947,1.0,0.8376,1.3813
2014-03-02,0.8947,1.0,0.8376,1.3813
2014-03-03,0.8947,1.0,0.8376,1.3768
2014-03-04,0.893,1.0,0.837,1.3768
2014-03-05,0.896,1.0,0.8385,1.3732
2014-03-06,0.9012,1.0,0.8419,1.3745
2014-03-07,0.9088,1.0,0.8475,1.3894
2014-03-08,0.9088,1.0,0.8475,1.3894
2014-03-09,0.9088,1.0,0.8475,1.3894
2014-03-10,0.9037,1.0,0.847,1.3881
2014-03-11,0.9029,1.0,0.8471,1.385
2014-03-12,0.8964,1.0,0.8468,1.3887
2014-03-13,0.9072,1.0,0.852,1.3942
2014-03-14,0.901,1.0,0.8543,1.3884
2014-03-15,0.901,1.0,0.8543,1.3884
2014-03-16,0.901,1.0,0.8543,1.3884
2014-03-17,0.901,1.0,0.8543,1.3906
2014-03-18,0.9083,1.0,0.8562,1.3902
2014-03-19,0.9119,1.0,0.8622,1.3913
2014-03-20,0.902,1.0,0.8537,1.3762
2014-03-21,0.9061,1.0,0.8531,1.378
2014-03-22,0.9061,1.0,0.8531,1.378
2014-03-23,0.9061,1.0,0.8531,1.378
2014-03-24,0.9081,1.0,0.8536,1.3774
2014-03-25,0.9136,1.0,0.8544,1.3789
2014-03-26,0.9195,1.0,0.8572,1.3791
2014-03-27,0.9239,1.0,0.8596,1.3758
2014-03-28,0.927,1.0,0.8671,1.3759
2014-03-29,0.927,1.0,0.8671,1.3759
2014-03-30,0.927,1.0,0.8671,1.3759
2014-03-31,0.9221,1.0,0.8664,1.3788
2014-04-01,0.9263,1.0,0.8674,1.379
2014-04-02,0.9239,1.0,0.8628,1.3795
2014-04-03,0.9219,1.0,0.8573,1.3771
2014-04-04,0.9234,1.0,0.8546,1.37
2014-04-05,0.9234,1.0,0.8546,1.37
2014-04-06,0.9234,1.0,0.8546,1.37
2014-04-07,0.9279,1.0,0.8599,1.3723
2014-04-08,0.9292,1.0,0.8607,1.3774
2014-04-09,0.9367,1.0,0.8666,1.3794
2014-04-10,0.9414,1.0,0.8716,1.3867
2014-04-11,0.9375,1.0,0.8678,1.3872
2014-04-12,0.9375,1.0,0.8678,1.3872
2014-04-13,0.9375,1.0,0.8678,1.3872
2014-04-14,0.9392,1.0,0.8683,1.3827
2014-04-15,0.9392,1.0,0.8687,1.3803
2014-04-16,0.9378,1.0,0.8629,1.384
2014-04-17,0.9365,1.0,0.8625,1.3855
2014-04-18,0.9365,1.0,0.8625,1.3855
2014-04-19,0.9365,1.0,0.8625,1.3855
2014-04-20,0.9365,1.0,0.8625,1.3855
2014-04-21,0.9365,1.0,0.8625,1.3855
2014-04-22,0.9356,1.0,0.8575,1.3817
2014-04-23,0.9284,1.0,0.861,1.3834
2014-04-24,0.9294,1.0,0.8608,1.382
2014-04-25,0.9294,1.0,0.8608,1.3831
2014-04-26,0.9294,1.0,0.8608,1.3831
2014-04-27,0.9294,1.0,0.8608,1.3831
2014-04-28,0.929,1.0,0.8582,1.3861
2014-04-29,0.9242,1.0,0.8544,1.3826
2014-04-30,0.9287,1.0,0.8556,1.385
2014-05-01,0.9295,1.0,0.8613,1.385
2014-05-02,0.9277,1.0,0.8629,1.3862
2014-05-03,0.9277,1.0,0.8629,1.3862
2014-05-04,0.9277,1.0,0.8629,1.3862
2014-05-05,0.9269,1.0,0.8663,1.3874
2014-05-06,0.9286,1.0,0.8683,1.3945
2014-05-07,0.9344,1.0,0.8699,1.3927
2014-05-08,0.9373,1.0,0.8653,1.3953
2014-05-09,0.9362,1.0,0.8649,1.3781
2014-05-10,0.9362,1.0,0.8649,1.3781
2014-05-11,0.9362,1.0,0.8649,1.3781
2014-05-12,0.9363,1.0,0.8624,1.3765
2014-05-13,0.9344,1.0,0.8623,1.3703
2014-05-14,0.9401,1.0,0.8626,1.3719
2014-05-15,0.9376,1.0,0.8661,1.3659
2014-05-16,0.9354,1.0,0.8653,1.3696
2014-05-17,0.9354,1.0,0.8653,1.3696
2014-05-18,0.9354,1.0,0.8653,1.3696
2014-05-19,0.9351,1.0,0.864,1.3715
2014-05-20,0.9288,1.0,0.8633,1.3702
2014-05-21,0.9235,1.0,0.8566,1.3676
2014-05-22,0.9264,1.0,0.8572,1.3668
2014-05-23,0.9241,1.0,0.8567,1.363
2014-05-24,0.9241,1.0,0.8567,1.363
2014-05-25,0.9241,1.0,0.8567,1.363
2014-05-26,0.9241,1.0,0.8567,1.363
2014-05-27,0.9271,1.0,0.8552,1.3638
2014-05-28,0.9268,1.0,0.8569,1.3608
2014-05-29,0.9283,1.0,0.8494,1.3612
2014-05-30,0.9319,1.0,0.8495,1.3607
2014-05-31,0.9319,1.0,0.8495,1.3607
2014-06-01,0.9319,1.0,0.8495,1.3607
2014-06-02,0.926,1.0,0.8495,1.3611
2014-06-03,0.927,1.0,0.8443,1.3645
2014-06-04,0.9274,1.0,0.8438,1.3627
2014-06-05,0.9278,1.0,0.8422,1.3567
2014-06-06,0.9332,1.0,0.8493,1.3642
2014-06-07,0.9332,1.0,0.8493,1.3642
2014-06-08,0.9332,1.0,0.8493,1.3642
2014-06-09,0.9332,1.0,0.8503,1.3608
2014-06-10,0.9368,1.0,0.8497,1.3547
2014-06-11,0.9385,1.0,0.853,1.3547
2014-06-12,0.9391,1.0,0.8608,1.3528
2014-06-13,0.9418,1.0,0.8679,1.3534
2014-06-14,0.9418,1.0,0.8679,1.3534
2014-06-15,0.9418,1.0,0.8679,1.3534
2014-06-16,0.9412,1.0,0.8669,1.3532
2014-06-17,0.9352,1.0,0.8677,1.3568
2014-06-18,0.9337,1.0,0.8658,1.3563
2014-06-19,0.9401,1.0,0.8719,1.362
2014-06-20,0.9405,1.0,0.871,1.3588
2014-06-21,0.9405,1.0,0.871,1.3588
2014-06-22,0.9405,1.0,0.871,1.3588
2014-06-23,0.9439,1.0,0.8703,1.3596
2014-06-24,0.9422,1.0,0.8714,1.3618
2014-06-25,0.9358,1.0,0.8674,1.3615
2014-06-26,0.9406,1.0,0.8729,1.3606
2014-06-27,0.9437,1.0,0.8784,1.362
2014-06-28,0.9437,1.0,0.8784,1.362
2014-06-29,0.9437,1.0,0.8784,1.362
2014-06-30,0.942,1.0,0.8776,1.3658
2014-07-01,0.9454,1.0,0.876,1.3688
2014-07-02,0.9458,1.0,0.8768,1.3656
2014-07-03,0.938,1.0,0.8764,1.3646
2014-07-04,0.938,1.0,0.8764,1.3646
2014-07-05,0.938,1.0,0.8764,1.3646
2014-07-06,0.938,1.0,0.8764,1.3646
2014-07-07,0.9356,1.0,0.8734,1.3592
2014-07-08,0.9385,1.0,0.875,1.3589
2014-07-09,0.9397,1.0,0.8789,1.3603
2014-07-10,0.9397,1.0,0.8821,1.3604
2014-07-11,0.9391,1.0,0.8817,1.3595
2014-07-12,0.9391,1.0,0.8817,1.3595
2014-07-13,0.9391,1.0,0.8817,1.3595
2014-07-14,0.94,1.0,0.8816,1.3627
2014-07-15,0.9387,1.0,0.881,1.3613
2014-07-16,0.9337,1.0,0.8728,1.3532
2014-07-17,0.9377,1.0,0.8715,1.3525
2014-07-18,0.9366,1.0,0.8659,1.3525
2014-07-19,0.9366,1.0,0.8659,1.3525
2014-07-20,0.9366,1.0,0.8659,1.3525
2014-07-21,0.939,1.0,0.8703,1.3518
2014-07-22,0.9389,1.0,0.8685,1.3481
2014-07-23,0.9434,1.0,0.8673,1.3465
2014-07-24,0.9448,1.0,0.8605,1.3472
2014-07-25,0.9414,1.0,0.8576,1.344
2014-07-26,0.9414,1.0,0.8576,1.344
2014-07-27,0.9414,1.0,0.8576,1.344
2014-07-28,0.939,1.0,0.8552,1.3433
2014-07-29,0.9395,1.0,0.8547,1.3429
2014-07-30,0.9382,1.0,0.8512,1.3401
2014-07-31,0.9324,1.0,0.8486,1.3379
2014-08-01,0.9294,1.0,0.8505,1.3395
2014-08-02,0.9294,1.0,0.8505,1.3395
2014-08-03,0.9294,1.0,0.8505,1.3395
2014-08-04,0.9294,1.0,0.851,1.3422
2014-08-05,0.9342,1.0,0.8528,1.3382
2014-08-06,0.9306,1.0,0.8439,1.3345
2014-08-07,0.9268,1.0,0.8474,1.3368
2014-08-08,0.9246,1.0,0.8463,1.3388
2014-08-09,0.9246,1.0,0.8463,1.3388
2014-08-10,0.9246,1.0,0.8463,1.3388
2014-08-11,0.928,1.0,0.8461,1.3386
2014-08-12,0.9256,1.0,0.8453,1.3346
2014-08-13,0.9298,1.0,0.8434,1.336
2014-08-14,0.9297,1.0,0.8476,1.3373
2014-08-15,0.9332,1.0,0.8488,1.3388
2014-08-16,0.9332,1.0,0.8488,1.3388
2014-08-17,0.9332,1.0,0.8488,1.3388
2014-08-18,0.9326,1.0,0.848,1.3383
2014-08-19,0.9338,1.0,0.8463,1.3354
2014-08-20,0.928,1.0,0.8428,1.3284
2014-08-21,0.9254,1.0,0.8372,1.3262
2014-08-22,0.9326,1.0,0.84,1.3267
2014-08-23,0.9326,1.0,0.84,1.3267
2014-08-24,0.9326,1.0,0.84,1.3267
2014-08-25,0.9321,1.0,0.8352,1.32
2014-08-26,0.9293,1.0,0.8321,1.3192
2014-08-27,0.9319,1.0,0.8338,1.3177
2014-08-28,0.9353,1.0,0.8372,1.3178
2014-08-29,0.9349,1.0,0.8377,1.3188
2014-08-30,0.9349,1.0,0.8377,1.3188
2014-08-31,0.9349,1.0,0.8377,1.3188
2014-09-01,0.9349,1.0,0.8377,1.3188
2014-09-02,0.9293,1.0,0.8385,1.3115
2014-09-03,0.929,1.0,0.8315,1.3151
2014-09-04,0.934,1.0,0.8326,1.3015
2014-09-05,0.9341,1.0,0.8294,1.2948
2014-09-06,0.9341,1.0,0.8294,1.2948
2014-09-07,0.9341,1.0,0.8294,1.2948
2014-09-08,0.9365,1.0,0.8314,1.2947
2014-09-09,0.9266,1.0,0.8276,1.2902
2014-09-10,0.9158,1.0,0.8253,1.2929
2014-09-11,0.9176,1.0,0.82,1.2928
2014-09-12,0.906,1.0,0.8194,1.2931
2014-09-13,0.906,1.0,0.8194,1.2931
2014-09-14,0.906,1.0,0.8194,1.2931
2014-09-15,0.8996,1.0,0.8144,1.2911
2014-09-16,0.9007,1.0,0.818,1.2949
2014-09-17,0.9069,1.0,0.8195,1.2956
2014-09-18,0.8968,1.0,0.8092,1.2872
2014-09-19,0.8966,1.0,0.815,1.2852
2014-09-20,0.8966,1.0,0.815,1.2852
2014-09-21,0.8966,1.0,0.815,1.2852
2014-09-22,0.891,1.0,0.8152,1.2845
2014-09-23,0.8916,1.0,0.8115,1.2892
2014-09-24,0.8876,1.0,0.8075,1.2826
2014-09-25,0.882,1.0,0.8067,1.2712
2014-09-26,0.8757,1.0,0.7946,1.2732
2014-09-27,0.8757,1.0,0.7946,1.2732
2014-09-28,0.8757,1.0,0.7946,1.2732
2014-09-29,0.8757,1.0,0.7865,1.2701
2014-09-30,0.8752,1.0,0.7767,1.2583
2014-10-01,0.8693,1.0,0.7809,1.2603
2014-10-02,0.8813,1.0,0.7784,1.2631
2014-10-03,0.879,1.0,0.7899,1.2616
2014-10-04,0.879,1.0,0.7899,1.2616
2014-10-05,0.879,1.0,0.7899,1.2616
2014-10-06,0.879,1.0,0.7753,1.2565
2014-10-07,0.876,1.0,0.7836,1.2607
2014-10-08,0.8769,1.0,0.7826,1.2645
2014-10-09,0.8883,1.0,0.7898,1.2763
2014-10-10,0.8772,1.0,0.7859,1.2638
2014-10-11,0.8772,1.0,0.7859,1.2638
2014-10-12,0.8772,1.0,0.7859,1.2638
2014-10-13,0.8772,1.0,0.7859,1.2638
2014-10-14,0.8796,1.0,0.7883,1.2646
2014-10-15,0.8721,1.0,0.7838,1.2666
2014-10-16,0.8788,1.0,0.798,1.2749
2014-10-17,0.875,1.0,0.7929,1.2823
2014-10-18,0.875,1.0,0.7929,1.2823
2014-10-19,0.875,1.0,0.7929,1.2823
2014-10-20,0.8774,1.0,0.7928,1.2773
2014-10-21,0.8819,1.0,0.7975,1.2762
2014-10-22,0.8791,1.0,0.7961,1.2693
2014-10-23,0.8763,1.0,0.7876,1.2669
2014-10-24,0.8758,1.0,0.7818,1.2659
2014-10-25,0.8758,1.0,0.7818,1.2659
2014-10-26,0.8758,1.0,0.7818,1.2659
2014-10-27,0.8817,1.0,0.7818,1.2679
2014-10-28,0.8817,1.0,0.7892,1.2748
2014-10-29,0.8868,1.0,0.7923,1.2737
2014-10-30,0.8768,1.0,0.7816,1.2598
2014-10-31,0.8805,1.0,0.784,1.2524
2014-11-01,0.8805,1.0,0.784,1.2524
2014-11-02,0.8805,1.0,0.784,1.2524
2014-11-03,0.8736,1.0,0.7775,1.2493
2014-11-04,0.8721,1.0,0.7722,1.2514
2014-11-05,0.8733,1.0,0.7818,1.248
2014-11-06,0.8608,1.0,0.7731,1.2517
2014-11-07,0.8544,1.0,0.7691,1.2393
2014-11-08,0.8544,1.0,0.7691,1.2393
2014-11-09,0.8544,1.0,0.7691,1.2393
2014-11-10,0.8671,1.0,0.7772,1.2486
2014-11-11,0.8622,1.0,0.7759,1.2424
2014-11-12,0.8675,1.0,0.7808,1.2467
2014-11-13,0.8701,1.0,0.788,1.2456
2014-11-14,0.8691,1.0,0.7882,1.2436
2014-11-15,0.8691,1.0,0.7882,1.2436
2014-11-16,0.8691,1.0,0.7882,1.2436
2014-11-17,0.8788,1.0,0.7952,1.2496
2014-11-18,0.8721,1.0,0.7914,1.2514
2014-11-19,0.8665,1.0,0.7923,1.2535
2014-11-20,0.8593,1.0,0.7851,1.2539
2014-11-21,0.8633,1.0,0.7867,1.2422
2014-11-22,0.8633,1.0,0.7867,1.2422
2014-11-23,0.8633,1.0,0.7867,1.2422
2014-11-24,0.8687,1.0,0.7883,1.241
2014-11-25,0.8593,1.0,0.7861,1.2424
2014-11-26,0.8535,1.0,0.7809,1.2475
2014-11-27,0.8535,1.0,0.7809,1.2475
2014-11-28,0.8535,1.0,0.7809,1.2475
2014-11-29,0.8535,1.0,0.7809,1.2475
2014-11-30,0.8535,1.0,0.7809,1.2475
2014-12-01,0.8453,1.0,0.7825,1.2469
2014-12-02,0.8504,1.0,0.7869,1.2424
2014-12-03,0.8407,1.0,0.7807,1.2331
2014-12-04,0.8398,1.0,0.7763,1.2311
2014-12-05,0.8371,1.0,0.7778,1.2362
2014-12-06,0.8371,1.0,0.7778,1.2362
2014-12-07,0.8371,1.0,0.7778,1.2362
2014-12-08,0.8277,1.0,0.7703,1.2258
2014-12-09,0.8241,1.0,0.7653,1.2369
2014-12-10,0.8321,1.0,0.7678,1.2392
2014-12-11,0.8323,1.0,0.7819,1.2428
2014-12-12,0.8274,1.0,0.7816,1.245
2014-12-13,0.8274,1.0,0.7816,1.245
2014-12-14,0.8274,1.0,0.7816,1.245
2014-12-15,0.8236,1.0,0.7779,1.2426
2014-12-16,0.8223,1.0,0.7742,1.2537
2014-12-17,0.8158,1.0,0.7797,1.2448
2014-12-18,0.814,1.0,0.7708,1.2285
2014-12-19,0.8185,1.0,0.7762,1.2279
2014-12-20,0.8185,1.0,0.7762,1.2279
2014-12-21,0.8185,1.0,0.7762,1.2279
2014-12-22,0.8161,1.0,0.7746,1.2259
2014-12-23,0.8118,1.0,0.7727,1.2213
2014-12-24,0.8112,1.0,0.7707,1.2219
2014-12-25,0.8112,1.0,0.7707,1.2219
2014-12-26,0.8112,1.0,0.7707,1.2219
2014-12-27,0.8112,1.0,0.7707,1.2219
2014-12-28,0.8112,1.0,0.7707,1.2219
2014-12-29,0.8137,1.0,0.7756,1.2197
2014-12-30,0.813,1.0,0.7788,1.216
2014-12-31,0.8202,1.0,0.7829,1.2141
